City_ID,City,Country,Lat,Lng,Max Temp,Humidity,Cloudiness,Wind Speed,Current description
0,Hobart,AU,-42.8794,147.3294,49.26,75,40,1.99,scattered clouds
1,Pakokku,MM,21.3333,95.1,79.59,82,100,9.46,overcast clouds
2,Lisakovsk,KZ,52.5369,62.4936,67.51,76,22,5.82,few clouds
3,Turukhansk,RU,65.8167,87.9833,59.9,76,44,6.06,scattered clouds
4,Mama,RU,58.3106,112.8986,57.81,86,100,3.38,overcast clouds
5,Avarua,CK,-21.2078,-159.775,73.45,94,75,20.71,moderate rain
6,Talnakh,RU,69.4865,88.3972,58.1,83,100,4.43,overcast clouds
7,Punta Arenas,CL,-53.15,-70.9167,41.11,75,40,23.02,light intensity shower rain
8,Qaqortoq,GL,60.7167,-46.0333,61.3,77,100,5.37,overcast clouds
9,Saskylakh,RU,71.9167,114.0833,76.91,40,0,4.83,clear sky
10,Hithadhoo,MV,-0.6,73.0833,81.45,71,93,7.67,light rain
11,Bay Roberts,CA,47.5999,-53.2648,64.33,83,25,5.01,scattered clouds
12,Mendoza,AR,-32.8908,-68.8272,54.73,33,0,4.09,clear sky
13,Springfield,US,37.2153,-93.2982,81.54,70,75,4.0,haze
14,Albany,US,42.6001,-73.9662,66.9,92,90,2.42,light rain
15,Bengkulu,ID,-3.8004,102.2655,74.19,89,94,3.98,overcast clouds
16,Nemuro,JP,43.3236,145.575,63.03,99,100,5.68,overcast clouds
17,Ushuaia,AR,-54.8,-68.3,36.97,85,40,9.66,scattered clouds
18,Iqaluit,CA,63.7506,-68.5145,46.76,89,100,5.44,overcast clouds
19,Bar Harbor,US,44.3876,-68.2039,64.24,69,1,1.99,clear sky
20,Puntarenas,CR,9.9763,-84.8384,85.93,82,97,3.24,overcast clouds
21,Buala,SB,-8.145,159.5921,78.76,86,99,7.47,moderate rain
22,Puerto Ayora,EC,-0.7393,-90.3518,69.55,95,55,8.01,broken clouds
23,Saint George,US,37.1041,-113.5841,96.64,29,75,8.99,broken clouds
24,Sao Francisco,BR,-15.9486,-44.8644,70.16,41,86,8.25,overcast clouds
25,Port Alfred,ZA,-33.5906,26.891,61.56,81,51,23.73,broken clouds
26,Atuona,PF,-9.8,-139.0333,76.98,72,34,10.58,scattered clouds
27,Kuryk,KZ,43.2,51.65,83.61,30,0,5.3,clear sky
28,South Sioux City,US,42.4739,-96.4136,79.95,34,1,3.0,haze
29,Matay,EG,28.419,30.7792,85.69,30,0,8.97,clear sky
30,Severnoye,RU,56.3491,78.3619,59.07,74,80,4.54,broken clouds
31,Cape Town,ZA,-33.9258,18.4232,56.1,81,20,1.01,few clouds
32,Salalah,OM,17.0151,54.0924,77.09,94,90,3.44,overcast clouds
33,Paamiut,GL,61.994,-49.6678,45.9,96,100,4.21,light rain
34,Namtsy,RU,62.7161,129.6658,73.51,29,86,11.27,overcast clouds
35,Sembe,CG,1.6481,14.5806,70.05,95,83,1.25,light rain
36,Ilulissat,GL,69.2167,-51.1,60.82,33,1,26.46,clear sky
37,De-Kastri,RU,51.4667,140.7833,63.48,73,95,4.29,overcast clouds
38,New Norfolk,AU,-42.7826,147.0587,48.92,84,42,2.93,scattered clouds
39,Faanui,PF,-16.4833,-151.75,77.79,68,28,13.69,scattered clouds
40,Rikitea,PF,-23.1203,-134.9692,69.01,57,36,19.46,scattered clouds
41,Mataura,NZ,-46.1927,168.8643,45.48,87,86,0.89,light rain
42,Busselton,AU,-33.65,115.3333,54.52,59,95,8.19,overcast clouds
43,Usinsk,RU,65.9939,57.5281,46.63,95,65,10.74,broken clouds
44,Chicama,PE,-7.8447,-79.1469,63.14,77,4,5.41,clear sky
45,East London,ZA,-33.0153,27.9116,61.81,66,31,19.42,scattered clouds
46,Cockburn Town,TC,21.4612,-71.1419,81.93,80,100,20.98,overcast clouds
47,Luba,GQ,3.4568,8.5547,76.86,85,99,5.77,light rain
48,Norman Wells,CA,65.282,-126.8329,91.44,20,1,7.7,clear sky
49,Alofi,NU,-19.0595,-169.9187,76.42,70,73,26.64,broken clouds
50,Palmer,US,42.1584,-72.3287,71.11,72,90,3.0,overcast clouds
51,Talavera De La Reina,ES,39.9635,-4.8308,65.14,45,34,1.9,scattered clouds
52,Bluff,NZ,-46.6,168.3333,45.81,81,98,7.78,overcast clouds
53,San Borja,BO,-14.8167,-66.85,65.3,48,32,4.47,scattered clouds
54,Buin,CL,-33.7333,-70.75,67.73,26,0,4.43,clear sky
55,Chokurdakh,RU,70.6333,147.9167,44.22,59,43,8.55,scattered clouds
56,Nikolskoye,RU,59.7035,30.7861,61.39,90,50,5.77,light rain
57,Rio Grande,BR,-32.035,-52.0986,48.94,93,15,5.53,few clouds
58,Matata,NZ,-37.8833,176.75,63.12,51,21,3.85,few clouds
59,Castro,BR,-24.7911,-50.0119,46.58,91,58,3.13,broken clouds
60,Vaini,TO,-21.2,-175.2,77.16,73,20,18.41,light rain
61,Kapaa,US,22.0752,-159.319,84.52,75,90,5.99,overcast clouds
62,Waitati,NZ,-45.75,170.5667,50.81,75,97,9.71,overcast clouds
63,Qaanaaq,GL,77.484,-69.3632,42.12,85,86,2.13,overcast clouds
64,Kahului,US,20.8947,-156.47,86.02,62,20,31.07,few clouds
65,Bredasdorp,ZA,-34.5322,20.0403,54.28,80,88,0.67,overcast clouds
66,Roebourne,AU,-20.7833,117.1333,62.42,48,0,18.28,clear sky
67,Lhokseumawe,ID,5.1801,97.1507,77.29,80,100,3.87,overcast clouds
68,Emerald,AU,-23.5333,148.1667,72.34,66,0,5.7,clear sky
69,Houma,US,29.5958,-90.7195,90.0,70,1,6.91,clear sky
70,Bilibino,RU,68.0546,166.4372,46.31,50,78,8.66,broken clouds
71,Hilo,US,19.7297,-155.09,78.12,79,75,3.0,light rain
72,Carnarvon,AU,-24.8667,113.6333,50.07,66,0,10.36,clear sky
73,Khasan,RU,42.4308,130.6434,75.61,90,96,19.28,overcast clouds
74,Herat,AF,34.5,62.0,73.27,16,0,19.37,clear sky
75,San Pedro,PH,14.35,121.0167,85.32,78,100,17.58,overcast clouds
76,Ouadda,CF,8.0777,22.4007,66.2,98,100,3.49,overcast clouds
77,Concordia,AR,-31.393,-58.0209,49.48,74,0,6.24,clear sky
78,Udachnyy,RU,66.4167,112.4,74.5,36,36,7.54,scattered clouds
79,Sorso,IT,40.8,8.5772,68.49,74,24,6.2,few clouds
80,Willowmore,ZA,-33.2926,23.4895,46.78,85,15,5.1,few clouds
81,Severo-Kurilsk,RU,50.6789,156.125,56.82,69,1,14.54,clear sky
82,Cabo San Lucas,MX,22.8909,-109.9124,93.81,67,20,4.0,few clouds
83,Galle,LK,6.0367,80.217,78.35,87,100,10.42,overcast clouds
84,Mahebourg,MU,-20.4081,57.7,66.25,66,40,12.15,scattered clouds
85,Mecca,SA,21.4267,39.8261,88.03,47,11,7.45,few clouds
86,Yarmouth,US,41.7057,-70.2286,70.65,74,75,4.0,broken clouds
87,Tiksi,RU,71.6872,128.8694,50.47,66,23,5.77,few clouds
88,Chuy,UY,-33.6971,-53.4616,49.77,93,30,5.7,scattered clouds
89,Luderitz,NA,-26.6481,15.1594,64.56,38,0,6.42,clear sky
90,Geraldton,AU,-28.7667,114.6,46.13,93,4,11.5,clear sky
91,Mao,ES,39.8885,4.2658,70.36,78,0,4.61,clear sky
92,Zhigansk,RU,66.7697,123.3711,69.51,54,34,15.9,scattered clouds
93,Hermanus,ZA,-34.4187,19.2345,54.9,83,96,2.57,overcast clouds
94,Canaries,ES,28.0,-15.5,64.4,68,40,27.63,scattered clouds
95,Beckley,US,37.7782,-81.1882,74.7,60,1,6.91,clear sky
96,Manggar,ID,-2.8833,108.2667,82.22,73,76,10.87,broken clouds
97,Cayenne,GF,4.9333,-52.3333,83.08,79,0,1.99,clear sky
98,Airai,TL,-8.9266,125.4092,66.99,62,25,4.45,scattered clouds
99,Havre-Saint-Pierre,CA,50.2334,-63.5986,57.94,74,78,9.86,broken clouds
100,Comodoro Rivadavia,AR,-45.8667,-67.5,62.46,22,0,18.41,clear sky
101,Victoria,HK,22.2855,114.1577,87.24,87,95,1.01,light rain
102,Sitka,US,57.0531,-135.33,62.49,72,75,0.0,broken clouds
103,Bambous Virieux,MU,-20.3428,57.7575,66.22,66,47,11.81,scattered clouds
104,Constitucion,CL,-35.3333,-72.4167,53.6,67,0,7.02,clear sky
105,Coquimbo,CL,-29.9533,-71.3436,53.33,93,20,1.14,few clouds
106,Tuktoyaktuk,CA,69.4541,-133.0374,50.13,86,98,12.8,overcast clouds
107,Vao,NC,-22.6667,167.4833,66.96,56,43,10.51,scattered clouds
108,Butaritari,KI,3.0707,172.7902,83.21,68,8,9.6,clear sky
109,Dombarovskiy,RU,50.7587,59.5386,72.19,57,41,6.26,scattered clouds
110,Novobiryusinskiy,RU,56.9578,97.7076,58.12,94,100,1.25,overcast clouds
111,Codrington,AU,-38.2667,141.9667,49.82,77,2,18.28,clear sky
112,Lensk,RU,60.7253,114.9278,67.96,52,100,6.49,overcast clouds
113,Hamilton,US,39.1834,-84.5333,77.0,57,20,4.0,few clouds
114,Balkhash,KZ,46.844,74.9804,76.3,44,5,10.92,clear sky
115,Yibin,CN,28.7667,104.6238,77.49,72,0,3.13,clear sky
116,Khatanga,RU,71.9667,102.5,65.07,65,41,9.57,scattered clouds
117,Sinnamary,GF,5.3833,-52.95,78.66,82,51,7.74,broken clouds
118,Te Anau,NZ,-45.4167,167.7167,47.61,85,99,2.08,overcast clouds
119,Vardo,NO,70.3705,31.1107,50.07,98,100,4.61,overcast clouds
120,Saint-Georges,GD,12.0564,-61.7485,80.22,81,9,12.01,clear sky
121,Luangwa,ZM,-15.6167,30.4167,58.41,79,0,2.77,clear sky
122,Asau,RO,46.4333,26.4,73.96,69,18,6.38,few clouds
123,Lac Du Bonnet,CA,50.2536,-96.0612,79.59,29,20,5.21,few clouds
124,Ribeira Grande,PT,38.5167,-28.7,73.15,95,67,12.66,broken clouds
125,Ludvika,SE,60.1496,15.1878,53.33,96,98,5.93,light rain
126,Quang Ngai,VN,15.1167,108.8,81.84,71,100,3.96,overcast clouds
127,Torbay,CA,47.6666,-52.7314,63.57,83,42,5.01,scattered clouds
128,Bandarban,BD,22.1965,92.2262,75.0,98,100,2.06,overcast clouds
129,Costinesti,RO,43.95,28.6333,79.02,86,0,12.46,clear sky
130,Lebu,CL,-37.6167,-73.65,49.69,79,40,18.39,scattered clouds
131,Marystown,CA,47.1666,-55.1483,57.92,90,47,10.13,scattered clouds
132,Nanortalik,GL,60.1432,-45.2371,48.42,78,100,10.8,overcast clouds
133,Bikaner,IN,28.0167,73.3,83.71,72,98,15.93,overcast clouds
134,Namie,JP,37.4833,141.0,87.98,67,13,1.01,few clouds
135,Sobolevo,RU,54.4299,31.8996,65.7,80,100,6.29,overcast clouds
136,Luganville,VU,-15.5333,167.1667,75.94,55,39,8.55,scattered clouds
137,Faya,SA,18.3851,42.4509,63.12,67,98,4.43,overcast clouds
138,Provideniya,RU,64.3833,-173.3,44.71,76,90,20.13,overcast clouds
139,Mayo,US,38.8876,-76.5119,78.12,91,20,1.99,few clouds
140,Fairbanks,US,64.8378,-147.7164,81.1,53,75,0.0,broken clouds
141,Souillac,MU,-20.5167,57.5167,66.36,70,30,12.3,scattered clouds
142,Christchurch,NZ,-43.5333,172.6333,54.32,83,90,8.01,overcast clouds
143,Hervey Bay,AU,-25.2986,152.8535,76.03,86,2,4.0,clear sky
144,Port Elizabeth,ZA,-33.918,25.5701,58.1,81,44,18.77,scattered clouds
145,Atar,MR,20.5169,-13.0499,90.46,39,50,11.18,scattered clouds
146,Arraial Do Cabo,BR,-22.9661,-42.0278,66.15,75,14,14.36,few clouds
147,Akdagmadeni,TR,39.6603,35.8836,55.42,90,0,4.25,clear sky
148,Biltine,TD,14.5333,20.9167,71.91,82,100,12.59,overcast clouds
149,Buldana,IN,20.5333,76.1833,71.83,82,96,15.46,overcast clouds
150,Nouadhibou,MR,20.931,-17.0347,69.82,86,3,16.26,clear sky
151,Cascais,PT,38.6979,-9.4215,70.5,82,44,4.0,scattered clouds
152,Port Blair,IN,11.6667,92.75,81.99,82,100,18.84,overcast clouds
153,Belaya Gora,RU,68.5333,146.4167,50.25,43,4,6.15,clear sky
154,Sampit,ID,-2.5333,112.95,76.15,91,66,1.36,broken clouds
155,Fortuna,US,40.5982,-124.1573,69.93,73,20,3.0,few clouds
156,Anori,BR,-3.7728,-61.6442,78.57,53,57,1.66,broken clouds
157,Hobyo,SO,5.3505,48.5268,77.09,78,12,23.64,few clouds
158,Pevek,RU,69.7008,170.3133,34.29,92,100,16.71,overcast clouds
159,Kerpen,DE,50.8667,6.7,60.26,88,53,4.59,broken clouds
160,Plettenberg Bay,ZA,-34.0527,23.3716,58.66,81,81,7.76,light rain
161,El Espinal,MX,16.3333,-94.0667,80.73,81,94,4.61,overcast clouds
162,Mabaruma,GY,8.2,-59.7833,72.73,99,29,2.48,scattered clouds
163,Kununurra,AU,-15.7667,128.7333,80.58,61,30,1.14,scattered clouds
164,Boffa,GN,10.1667,-14.0333,74.93,94,93,5.17,light rain
165,Moussoro,TD,13.6408,16.4901,81.03,71,99,10.31,overcast clouds
166,Yellowknife,CA,62.456,-114.3525,86.29,30,0,6.58,clear sky
167,Keffi,NG,8.8486,7.8736,70.0,96,100,1.61,overcast clouds
168,Sechura,PE,-5.5569,-80.8222,67.71,72,4,17.43,clear sky
169,Husavik,IS,66.0449,-17.3389,53.92,70,67,1.19,light rain
170,Raymondville,US,26.4815,-97.7831,92.59,49,93,17.36,overcast clouds
171,Liverpool,GB,53.4106,-2.9779,59.77,78,20,4.61,few clouds
172,Lorengau,PG,-2.0226,147.2712,85.71,69,30,11.9,scattered clouds
173,Risaralda,CO,5.1665,-75.766,61.63,93,76,1.97,broken clouds
174,Sept-Iles,CA,50.2001,-66.3821,62.26,79,95,3.0,overcast clouds
175,Ancud,CL,-41.8697,-73.8203,47.73,84,60,3.15,broken clouds
176,Sao Filipe,CV,14.8961,-24.4956,75.69,77,10,4.41,clear sky
177,Lagos,NG,6.5833,3.75,74.75,90,84,3.29,broken clouds
178,Dikson,RU,73.5069,80.5464,40.66,99,99,9.08,overcast clouds
179,Garango,BF,11.8,-0.5506,76.32,78,27,5.64,scattered clouds
180,Kiunga,PG,-6.1219,141.2906,77.63,81,85,3.78,overcast clouds
181,Aykhal,RU,66.0,111.5,73.13,35,57,8.93,broken clouds
182,Sisimiut,GL,66.9395,-53.6735,51.71,67,0,5.88,clear sky
183,La Ronge,CA,55.1001,-105.2842,80.4,32,10,2.77,clear sky
184,Katherine,AU,-14.4667,132.2667,80.92,65,11,8.05,few clouds
185,Longyearbyen,SJ,78.2186,15.6401,44.44,70,75,13.8,broken clouds
186,Pisco,PE,-13.7,-76.2167,62.65,82,75,12.66,broken clouds
187,Axim,GH,4.8699,-2.2405,75.49,90,35,4.99,scattered clouds
188,Ust-Ishim,RU,57.6935,71.1665,60.85,99,74,4.79,broken clouds
189,Villa Del Rosario,CO,7.8339,-72.4742,75.33,82,70,6.49,broken clouds
190,Eureka,US,40.8021,-124.1637,70.2,77,55,8.01,broken clouds
191,Newport,GB,51.5877,-2.9984,59.63,84,74,9.17,broken clouds
192,Ust-Nera,RU,64.5667,143.2,56.37,51,2,3.87,clear sky
193,Clyde River,CA,70.4692,-68.5914,38.8,89,100,6.33,overcast clouds
194,Llanes,ES,43.4198,-4.7549,61.27,80,77,1.61,broken clouds
195,Maniitsoq,GL,65.4167,-52.9,47.84,77,17,5.99,few clouds
196,Youghal,IE,51.95,-7.8506,56.41,85,63,8.52,broken clouds
197,Sorland,NO,67.667,12.6934,49.28,73,76,12.77,broken clouds
198,Enshi,CN,30.3,109.4833,80.47,75,0,1.05,light rain
199,Orange Walk,BZ,17.8333,-88.8333,85.86,89,99,4.27,overcast clouds
200,Ritchie,ZA,-29.038,24.6028,49.1,37,3,5.41,clear sky
201,Saint-Augustin,CA,51.226,-58.6502,57.22,84,91,9.66,overcast clouds
202,Itarema,BR,-2.9248,-39.9167,78.31,74,87,11.63,overcast clouds
203,Zaozhuang,CN,34.8647,117.5542,79.29,83,9,7.83,light rain
204,Sciacca,IT,37.5082,13.0881,84.65,52,24,6.11,few clouds
205,Jamestown,US,42.097,-79.2353,65.52,79,75,3.0,broken clouds
206,Touros,BR,-5.1989,-35.4608,76.15,71,5,19.19,clear sky
207,Narsaq,GL,60.9167,-46.05,61.02,74,100,9.35,light rain
208,Avera,US,33.194,-82.5271,91.27,77,62,13.58,broken clouds
209,Van,TR,38.4924,43.3831,63.75,59,40,4.61,scattered clouds
210,Lasa,IT,46.6166,10.7002,52.63,94,74,6.26,broken clouds
211,Verkhnyaya Sinyachikha,RU,57.976,61.6673,57.02,91,25,7.02,scattered clouds
212,Port Macquarie,AU,-31.4333,152.9167,64.36,75,94,4.63,overcast clouds
213,Barrow,US,71.2906,-156.7887,48.22,77,90,16.11,overcast clouds
214,Thompson,CA,55.7435,-97.8558,86.4,26,24,4.72,few clouds
215,Mastic Beach,US,40.7668,-72.8521,73.06,77,75,5.99,broken clouds
216,Paralimni,CY,35.0375,33.9833,82.89,61,0,1.99,clear sky
217,Nantucket,US,41.2835,-70.0995,70.09,75,90,8.05,overcast clouds
218,Upernavik,GL,72.7868,-56.1549,42.55,81,17,10.6,few clouds
219,Oussouye,SN,12.485,-16.5469,77.16,89,79,9.28,light rain
220,Saint Anthony,US,45.0205,-93.218,77.9,41,40,4.0,scattered clouds
221,Lazaro Cardenas,MX,17.9583,-102.2,85.03,76,7,8.05,clear sky
222,Ucluelet,CA,48.9329,-125.5528,89.96,77,22,3.0,few clouds
223,Laguna,US,38.421,-121.4238,105.24,25,1,7.0,clear sky
224,Esperance,AU,-33.8667,121.9,53.82,63,70,20.89,broken clouds
225,Grafton,US,42.207,-71.6856,71.53,79,75,1.01,broken clouds
226,Tromso,NO,69.6496,18.957,46.42,76,90,1.01,light rain
227,Khotiv,UA,50.3307,30.4684,75.54,73,0,4.47,clear sky
228,Makakilo City,US,21.3469,-158.0858,88.12,46,20,13.8,few clouds
229,Bayir,TR,37.2687,28.2167,77.52,32,2,5.32,clear sky
230,Yumen,CN,40.2833,97.2,65.46,44,97,5.53,overcast clouds
231,Miri,MY,4.4148,114.0089,77.36,91,100,6.64,light rain
232,Evensk,RU,61.95,159.2333,50.02,73,100,19.75,overcast clouds
233,Ambilobe,MG,-13.2,49.05,66.97,81,8,2.55,clear sky
234,Langham,CA,52.3668,-106.9679,90.79,18,92,2.89,overcast clouds
235,Ambanja,MG,-13.6833,48.45,67.19,80,1,3.4,clear sky
236,Mar Del Plata,AR,-38.0023,-57.5575,45.09,31,90,4.0,fog
237,Vimperk,CZ,49.0586,13.7829,56.25,94,100,9.84,light rain
238,Ponta Do Sol,PT,32.6667,-17.1,72.23,83,1,5.41,clear sky
239,Greymouth,NZ,-42.4667,171.2,53.67,83,87,2.33,overcast clouds
240,Ewa Beach,US,21.3156,-158.0072,89.55,45,20,13.8,few clouds
241,Millau,FR,44.0833,2.9167,57.4,94,75,2.86,broken clouds
242,Los Llanos De Aridane,ES,28.6585,-17.9182,67.75,69,75,17.27,broken clouds
243,Isangel,VU,-19.55,169.2667,71.44,57,76,10.09,broken clouds
244,Det Udom,TH,14.906,105.0784,77.34,88,100,9.53,overcast clouds
245,Lesosibirsk,RU,58.2358,92.4828,59.72,91,89,1.03,overcast clouds
246,Sao Joao Da Barra,BR,-21.6403,-41.0511,67.59,63,94,8.72,overcast clouds
247,Kodiak,US,57.79,-152.4072,56.95,92,94,6.24,overcast clouds
248,Khash,IR,28.2211,61.2158,77.05,17,4,3.18,clear sky
249,Srednekolymsk,RU,67.45,153.6833,41.72,61,100,10.2,overcast clouds
250,Katobu,ID,-4.9408,122.5276,78.85,84,29,3.83,scattered clouds
251,Oranjemund,NA,-28.55,16.4333,56.64,72,1,6.22,clear sky
252,Alexandria,EG,31.2156,29.9553,80.49,80,0,6.93,clear sky
253,Racale,IT,39.9631,18.0938,81.84,60,3,9.6,clear sky
254,Kamenka,RU,51.3223,42.7678,70.16,71,18,4.72,few clouds
255,Tasiilaq,GL,65.6145,-37.6368,48.36,77,59,5.77,broken clouds
256,General Cepeda,MX,25.3833,-101.45,85.41,34,27,18.14,scattered clouds
257,Haines Junction,CA,60.7522,-137.5108,81.48,27,14,6.13,few clouds
258,Arlit,NE,18.7369,7.3853,95.81,25,36,6.42,scattered clouds
259,Ostersund,SE,63.1792,14.6357,45.61,81,35,9.22,scattered clouds
260,Djambala,CG,-2.5447,14.7533,75.27,56,99,7.43,overcast clouds
261,Brae,GB,60.3964,-1.353,49.91,80,100,12.46,overcast clouds
262,Calama,CL,-22.4667,-68.9333,57.69,21,75,10.36,broken clouds
263,Zhuanghe,CN,39.7008,122.9911,76.53,83,19,8.93,few clouds
264,Sayat,TM,38.7839,63.8803,75.07,17,18,11.54,few clouds
265,Skjervoy,NO,70.0311,20.9714,47.79,70,75,6.46,broken clouds
266,Saint-Philippe,RE,-21.3585,55.7679,65.75,74,48,7.2,scattered clouds
267,Yambio,SS,4.5721,28.3955,67.03,99,100,4.94,light rain
268,Haguenau,FR,48.8156,7.7905,59.99,93,40,4.14,scattered clouds
269,Tuatapere,NZ,-46.1333,167.6833,45.82,90,100,2.95,moderate rain
270,Shitanjing,CN,39.2342,106.3439,72.34,26,64,9.57,broken clouds
271,Ayr,GB,55.4627,-4.6339,56.48,87,0,4.61,clear sky
272,Xam Nua,LA,20.4197,104.0439,69.01,100,100,1.74,overcast clouds
273,Hambantota,LK,6.1241,81.1185,79.0,82,100,15.82,overcast clouds
274,Kaitangata,NZ,-46.2817,169.8464,49.42,86,55,3.02,broken clouds
275,Teguise,ES,29.0605,-13.564,66.42,78,20,18.41,few clouds
276,Lavrentiya,RU,65.5833,-171.0,41.92,84,100,17.72,light rain
277,Kieta,PG,-6.2167,155.6333,83.66,70,9,3.09,clear sky
278,Bonavista,CA,48.6499,-53.1147,64.11,79,64,18.9,broken clouds
279,Awjilah,LY,29.1081,21.2869,83.61,30,2,10.67,clear sky
280,Kysyl-Syr,RU,63.8986,122.7617,74.93,44,96,7.49,overcast clouds
281,Samarai,PG,-10.6167,150.6667,78.6,62,88,8.25,overcast clouds
282,Muisne,EC,0.6,-80.0333,76.01,83,71,10.11,broken clouds
283,Waingapu,ID,-9.6567,120.2641,79.86,69,35,11.7,scattered clouds
284,Bethlehem,BR,-1.4558,-48.5044,78.39,77,81,5.7,broken clouds
285,Labytnangi,RU,66.6572,66.4183,55.65,96,100,3.74,overcast clouds
286,Puerto Narino,CO,-3.7703,-70.3831,75.15,68,74,1.14,broken clouds
287,Vila,PT,42.0304,-8.1588,55.74,94,100,1.03,overcast clouds
288,Champerico,GT,14.3,-91.9167,86.36,80,88,9.17,overcast clouds
289,Vila Franca Do Campo,PT,37.7167,-25.4333,73.81,95,90,7.78,overcast clouds
290,Am Timan,TD,11.0297,20.2827,71.22,95,90,2.35,overcast clouds
291,Rtishchevo,RU,52.2604,43.7874,69.28,68,40,4.36,scattered clouds
292,Bosaso,SO,11.2842,49.1816,88.9,42,79,18.75,broken clouds
293,Merrill,US,45.1805,-89.6835,69.98,55,1,8.05,clear sky
294,Ahipara,NZ,-35.1667,173.1667,57.69,70,67,9.31,broken clouds
295,Hovd,MN,48.0056,91.6419,57.54,58,4,1.39,clear sky
296,Voi,KE,-3.3945,38.563,65.17,82,45,9.53,scattered clouds
297,Santa Cruz De La Palma,ES,28.6835,-17.7642,72.14,73,75,17.27,broken clouds
298,Bonfim,BR,3.0833,-59.95,74.03,95,92,1.19,overcast clouds
299,Morehead,US,37.2711,-87.1764,80.11,68,1,4.61,clear sky
300,Bodden Town,KY,19.2833,-81.25,85.93,82,28,1.01,scattered clouds
301,Hasaki,JP,35.7333,140.8333,86.29,81,9,9.24,clear sky
302,Vanimo,PG,-2.6741,141.3028,83.61,70,25,4.88,scattered clouds
303,Trincomalee,LK,8.5711,81.2335,81.09,74,100,20.09,overcast clouds
304,Auki,SB,-8.7676,160.7034,83.43,69,93,8.08,overcast clouds
305,Nome,US,64.5011,-165.4064,55.17,94,90,10.36,mist
306,Namibe,AO,-15.1961,12.1522,67.62,86,61,1.72,broken clouds
307,Mandalgovi,MN,45.7625,106.2708,66.09,36,94,16.26,overcast clouds
308,Umba,RU,66.6871,34.3429,51.06,95,62,10.6,broken clouds
309,Contamana,PE,-7.3333,-75.0167,71.64,65,74,2.17,broken clouds
310,Gizo,SB,-8.103,156.8419,80.85,80,49,11.61,moderate rain
311,Abonnema,NG,4.7084,6.7931,75.83,85,99,5.32,overcast clouds
312,Craig,US,40.5153,-107.5464,74.39,46,75,4.61,broken clouds
313,Adrar,MR,20.5022,-10.0711,92.21,29,30,7.07,scattered clouds
314,Ixtapa,MX,20.7,-105.2,89.22,70,40,6.91,scattered clouds
315,Abrau-Dyurso,RU,44.69,37.59,67.46,64,0,7.96,clear sky
316,Vestmannaeyjar,IS,63.4427,-20.2734,53.82,90,86,5.21,overcast clouds
317,Karratha,AU,-20.7377,116.8463,61.86,49,0,15.1,clear sky
318,Planeta Rica,CO,8.4147,-75.5883,79.86,89,74,9.82,broken clouds
319,Tibu,CO,8.639,-72.7358,80.17,74,45,2.68,scattered clouds
320,Delijan,IR,33.9905,50.6838,80.28,19,77,7.18,broken clouds
321,Eyl,SO,7.9803,49.8164,80.53,67,48,29.53,scattered clouds
322,Ystad,SE,55.4297,13.8204,57.97,82,60,11.97,broken clouds
323,Yulara,AU,-25.2406,130.9889,55.24,44,0,13.8,clear sky
324,Necochea,AR,-38.5473,-58.7368,40.03,75,2,9.19,clear sky
325,Solnechnyy,RU,50.7214,136.6319,65.86,71,99,3.53,overcast clouds
326,Katsuura,JP,35.1333,140.3,86.14,76,11,7.29,few clouds
327,Cidreira,BR,-30.1811,-50.2056,56.75,93,83,8.1,broken clouds
328,Deputatskiy,RU,69.3,139.9,48.27,60,8,6.2,clear sky
329,Erenhot,CN,43.6475,111.9767,67.19,49,22,10.51,few clouds
330,Gedo,ET,9.0167,37.45,50.74,97,99,2.39,overcast clouds
331,Vilhena,BR,-12.7406,-60.1458,69.93,37,0,3.36,clear sky
332,Camana,PE,-16.6228,-72.7111,63.19,81,26,8.52,scattered clouds
333,Punta Alta,AR,-38.8759,-62.0736,48.45,50,5,10.47,clear sky
334,Perth,AU,-31.9333,115.8333,51.06,91,75,4.61,broken clouds
335,Port Hedland,AU,-20.3167,118.5667,66.25,37,0,16.11,clear sky
336,Lompoc,US,34.6391,-120.4579,88.12,63,1,13.8,clear sky
337,Yerbogachen,RU,61.2767,108.0108,65.84,55,100,7.34,overcast clouds
338,Waipawa,NZ,-41.4122,175.5153,54.23,61,82,2.66,broken clouds
339,Morganton,US,35.7454,-81.6848,84.06,62,1,3.0,clear sky
340,Tezu,IN,27.9167,96.1667,77.18,85,22,2.26,few clouds
341,Gap,FR,44.6667,6.0,40.84,79,89,6.33,overcast clouds
342,Roma,US,43.2128,-75.4557,63.9,93,90,0.0,overcast clouds
343,Suntar,RU,62.1444,117.6319,70.65,45,100,8.68,overcast clouds
344,Taybad,IR,34.74,60.7756,75.34,16,0,17.6,clear sky
345,Uni,RU,57.7535,51.4923,59.14,80,79,6.29,broken clouds
346,Kodinsk,RU,58.6881,99.1844,58.41,96,100,6.13,overcast clouds
347,Bethel,US,41.3712,-73.414,71.96,89,90,0.0,light rain
348,Omsukchan,RU,62.5333,155.8,34.36,100,100,9.57,light rain
349,La Roda,ES,39.2167,-2.15,65.93,62,53,5.21,broken clouds
350,Resistencia,AR,-27.4606,-58.9839,60.06,61,0,4.41,clear sky
351,Mahibadhoo,MV,3.7833,72.9667,81.88,76,100,9.64,light rain
352,Mount Isa,AU,-20.7333,139.5,80.37,41,40,1.14,scattered clouds
353,Margate,GB,51.3813,1.3862,59.7,83,97,1.99,overcast clouds
354,Fare,PF,-16.7,-151.0167,77.23,67,36,12.66,scattered clouds
355,Kruisfontein,ZA,-34.0033,24.7314,55.89,80,87,13.58,overcast clouds
356,Nelson Bay,AU,-32.7167,152.15,62.96,75,87,9.66,overcast clouds
357,South Lake Tahoe,US,38.9332,-119.9844,85.89,27,90,5.75,overcast clouds
358,Uruzgan,AF,32.8333,66.0,72.68,18,0,5.97,clear sky
359,Batemans Bay,AU,-35.7167,150.1833,53.91,77,9,3.89,clear sky
360,Egvekinot,RU,66.3167,-179.1667,44.08,60,67,0.72,broken clouds
361,Tadepallegudem,IN,16.8333,81.5,83.95,60,100,10.98,overcast clouds
362,Sambava,MG,-14.2667,50.1667,67.98,86,97,9.19,overcast clouds
363,Amahai,ID,-3.3333,128.9167,80.44,80,29,1.03,scattered clouds
364,Gramado,BR,-29.3786,-50.8739,50.67,92,62,3.29,broken clouds
365,Shubarshi,KZ,48.5872,57.1869,78.46,38,0,8.12,clear sky
366,Jalu,LY,29.0331,21.5482,84.11,30,3,9.71,clear sky
367,Northam,GB,51.0333,-4.2167,57.15,89,32,6.44,scattered clouds
368,Alice Springs,AU,-23.7,133.8833,65.75,30,71,16.11,broken clouds
369,Akyab,MM,20.15,92.9,79.45,88,100,2.73,overcast clouds
370,Baruun-Urt,MN,46.6806,113.2792,66.96,44,1,13.56,clear sky
371,Savantvadi,IN,15.9,73.8167,76.66,91,93,7.99,overcast clouds
372,Sol-Iletsk,RU,51.1631,54.9918,74.55,38,15,3.4,few clouds
373,Battle Creek,US,42.3212,-85.1797,71.38,60,20,9.22,few clouds
374,Wladyslawowo,PL,54.7909,18.4009,61.93,89,99,9.1,overcast clouds
375,Imbituba,BR,-28.24,-48.6703,61.83,91,72,9.93,broken clouds
376,La Rinconada,ES,37.4873,-5.9826,72.05,61,0,8.05,clear sky
377,Majene,ID,-3.5403,118.9707,79.36,81,81,9.08,broken clouds
378,Peniche,PT,39.3558,-9.3811,69.28,94,83,6.93,broken clouds
379,Tabas,IR,33.5959,56.9244,82.38,12,1,4.47,clear sky
380,Emporia,US,38.4039,-96.1817,82.6,36,75,12.66,haze
381,Dinahican,PH,14.7167,121.7167,81.99,79,100,17.29,overcast clouds
382,Port Lincoln,AU,-34.7333,135.8667,51.1,86,38,24.23,light rain
383,Krasnaya Gora,RU,52.9995,31.6023,67.91,94,88,7.02,overcast clouds
384,Ketchikan,US,55.3422,-131.6461,72.07,60,1,6.91,clear sky
385,Paragominas,BR,-2.9667,-47.4833,74.16,67,72,4.36,broken clouds
386,Cherskiy,RU,68.75,161.3,41.54,68,94,20.27,overcast clouds
387,Vestmanna,FO,62.1564,-7.1664,45.52,81,90,4.61,overcast clouds
388,Qostanay,KZ,53.1667,63.5833,65.89,75,85,4.16,overcast clouds
389,Najran,SA,17.4924,44.1277,86.65,46,100,13.71,overcast clouds
390,Wakuya,JP,38.5333,141.1333,85.35,75,83,4.05,broken clouds
391,Teeli,RU,51.0333,90.2333,58.23,62,11,1.63,few clouds
392,Morro Bay,US,35.3658,-120.8499,89.38,61,18,3.0,few clouds
393,Antofagasta,CL,-23.65,-70.4,58.28,78,28,3.09,scattered clouds
394,Blumberg,DE,47.8406,8.5333,53.58,94,46,1.86,scattered clouds
395,Beringovskiy,RU,63.05,179.3167,46.65,78,42,19.86,scattered clouds
396,Sola,VU,-13.8833,167.55,75.29,63,99,12.3,overcast clouds
397,Port Keats,AU,-14.25,129.55,79.3,74,50,3.31,scattered clouds
398,Pierre,US,44.3683,-100.351,86.27,35,1,4.0,clear sky
399,San Juan,AR,-31.5375,-68.5364,57.49,25,0,5.93,clear sky
400,Sharlyk,RU,52.9167,54.75,68.49,55,92,1.66,overcast clouds
401,High Level,CA,58.5169,-117.136,89.71,31,20,2.3,smoke
402,Natal,BR,-5.795,-35.2094,75.85,83,0,10.36,clear sky
403,Nabire,ID,-3.3667,135.4833,81.07,78,82,1.95,broken clouds
404,Ambon,ID,-3.6954,128.1814,84.34,74,40,1.14,scattered clouds
405,Kualakapuas,ID,-3.0091,114.3876,75.36,79,51,2.91,broken clouds
406,Richards Bay,ZA,-28.783,32.0377,62.22,51,7,4.41,clear sky
407,Gotsu,JP,35.0,132.2167,84.34,62,94,3.65,overcast clouds
408,Acarau,BR,-2.8856,-40.12,77.04,76,73,10.42,broken clouds
409,Kasama,ZM,-10.2129,31.1808,50.97,89,2,3.56,clear sky
410,Henties Bay,NA,-22.116,14.2845,69.85,43,0,3.8,clear sky
411,Coolum Beach,AU,-26.5333,153.1,77.34,82,12,2.95,few clouds
412,Biloela,AU,-24.4167,150.5,72.57,60,0,7.74,clear sky
413,Portales,US,34.1862,-103.3344,74.39,55,96,13.29,overcast clouds
414,Zalesovo,RU,53.9939,84.7431,65.05,58,99,5.03,overcast clouds
415,Kaeo,NZ,-35.1,173.7833,65.32,70,43,10.27,scattered clouds
416,Sioux Lookout,CA,50.1001,-91.917,75.27,41,75,2.3,broken clouds
417,Minudasht,IR,37.2289,55.3747,76.57,78,0,0.0,clear sky
418,Hofn,IS,64.2539,-15.2082,53.82,94,99,2.42,overcast clouds
419,Acapulco,MX,16.8634,-99.8901,87.62,70,20,11.5,few clouds
420,San Felipe,VE,10.3399,-68.7425,73.65,91,77,4.38,broken clouds
421,Fridley,US,45.0861,-93.2633,78.15,42,40,8.05,scattered clouds
422,Laiya,PH,13.675,121.3903,84.09,75,99,1.99,overcast clouds
423,Panaba,MX,21.2833,-88.2667,83.71,68,90,10.67,overcast clouds
424,Uglegorsk,RU,49.0833,142.0333,65.53,71,35,5.35,scattered clouds
425,Jakar,BT,27.5492,90.7525,59.59,95,83,2.15,broken clouds
426,Tirano,IT,46.2154,10.1679,58.41,96,38,7.94,scattered clouds
427,Chumikan,RU,54.7183,135.315,56.16,78,100,4.94,overcast clouds
428,Lufilufi,WS,-13.8745,-171.5986,80.71,81,91,20.67,moderate rain
429,Pacific Grove,US,36.6177,-121.9166,83.16,70,1,5.99,clear sky
430,Hutang,CN,31.5333,119.4833,84.33,87,7,5.32,clear sky
431,Pangai,TO,-19.8,-174.35,73.51,73,75,18.41,broken clouds
432,Talaya,RU,61.3833,152.75,41.31,77,99,17.78,overcast clouds
433,Kasempa,ZM,-13.4584,25.8338,54.46,68,3,5.48,clear sky
434,Inhambane,MZ,-23.865,35.3833,62.78,81,0,5.84,clear sky
435,Niquelandia,BR,-14.4739,-48.4597,71.96,45,12,5.7,few clouds
436,Biak,ID,-0.9131,122.8766,79.12,74,24,6.4,few clouds
437,Dod Ballapur,IN,13.2919,77.5431,69.64,86,84,12.57,broken clouds
438,Lahad Datu,MY,5.0268,118.327,78.62,88,96,0.54,overcast clouds
439,Guerrero Negro,MX,27.9769,-114.0611,80.47,61,3,15.95,clear sky
440,San Andres,CO,12.5847,-81.7006,82.42,89,75,11.5,broken clouds
441,Hirara,JP,24.8,125.2833,80.46,100,75,6.91,moderate rain
442,Leningradskiy,RU,69.3833,178.4167,34.48,99,100,18.68,light rain
443,Lagoa,PT,39.05,-27.9833,71.82,96,34,15.03,scattered clouds
444,Pangkalanbuun,ID,-2.6833,111.6167,77.13,87,67,2.66,broken clouds
445,Ilorin,NG,8.5,4.55,71.96,94,100,2.21,overcast clouds
446,Kropotkin,RU,45.4375,40.5756,74.68,45,42,4.92,scattered clouds
447,Panukulan,PH,14.9333,121.8144,84.85,74,100,12.28,overcast clouds
448,Moerai,PF,-22.4333,-151.3333,74.5,76,96,19.55,overcast clouds
449,Horsham,GB,51.064,-0.3272,59.49,94,0,3.44,clear sky
450,Grindavik,IS,63.8424,-22.4338,53.56,93,90,3.44,overcast clouds
451,Gat,IL,31.61,34.7642,84.4,57,0,1.32,clear sky
452,Lianran,CN,24.9227,102.485,63.14,82,0,1.34,clear sky
453,Klyuchi,RU,52.2667,79.1667,64.78,61,75,7.31,broken clouds
454,Ambovombe,MG,-25.1667,46.0833,64.67,73,0,7.43,clear sky
455,Ponferrada,ES,42.5466,-6.5962,60.82,97,68,3.0,light rain
456,Korla,CN,41.7597,86.1469,75.24,18,100,5.1,overcast clouds
457,Naze,JP,28.3667,129.4833,85.12,87,79,15.9,broken clouds
458,Georgetown,MY,5.4112,100.3354,76.89,89,20,2.3,few clouds
459,Batagay,RU,67.6333,134.6333,66.0,38,0,1.1,clear sky
460,Tazovskiy,RU,67.4667,78.7,52.79,77,99,9.42,overcast clouds
461,Gazojak,TM,41.1875,61.4036,79.16,19,0,14.03,clear sky
462,Dingle,PH,10.9995,122.6711,83.52,76,100,13.13,overcast clouds
463,Gazimurskiy Zavod,RU,51.5461,118.3266,61.12,81,66,5.37,broken clouds
464,Caraguatay,AR,-26.6059,-54.7809,53.58,68,0,2.39,light rain
465,Taltal,CL,-25.4,-70.4833,59.27,74,24,2.84,few clouds
466,Mykhaylivka,UA,47.2724,35.2224,70.07,62,0,4.81,clear sky
467,Panguna,PG,-6.3164,155.4848,79.3,68,19,1.77,light rain
468,Khandyga,RU,62.6667,135.6,75.9,31,0,6.8,clear sky
469,Vuktyl,RU,63.8567,57.3094,52.75,97,42,3.0,scattered clouds
470,Sao Sebastiao Do Cai,BR,-29.5867,-51.3756,59.95,85,2,1.05,clear sky
471,Marawi,PH,7.9986,124.2928,75.33,81,100,4.72,overcast clouds
472,Okhotsk,RU,59.3833,143.3,63.48,50,0,0.56,clear sky
473,Pajacuaran,MX,20.1167,-102.5667,75.4,68,21,7.25,few clouds
474,Iberia,US,29.9502,-91.7507,87.8,74,1,4.61,clear sky
475,Luanda,AO,-8.8368,13.2343,73.4,83,75,6.91,broken clouds
476,Kushima,JP,31.4583,131.2333,84.24,74,70,5.06,broken clouds
477,Bambanglipuro,ID,-7.95,110.2833,76.87,83,46,7.25,scattered clouds
478,Klaksvik,FO,62.2266,-6.589,47.32,80,64,5.46,broken clouds
479,Concord,US,37.978,-122.0311,90.72,42,1,1.01,clear sky
480,Sehithwa,BW,-20.4667,22.7167,57.22,40,0,7.61,clear sky
481,Taoudenni,ML,22.6783,-3.9836,96.21,26,79,16.35,broken clouds
482,Grand Gaube,MU,-20.0064,57.6608,68.4,85,7,3.0,light rain
483,Umm Kaddadah,SD,13.6017,26.6876,81.97,62,16,18.07,few clouds
484,Targusor,RO,44.45,28.4167,71.08,100,0,3.44,light rain
485,Mildura,AU,-34.2,142.15,55.36,76,0,13.8,clear sky
486,Casper,US,42.8666,-106.3131,82.99,27,1,8.99,haze
487,Kirando,TZ,-7.4167,30.6,70.03,57,6,12.3,clear sky
488,Ust-Omchug,RU,61.15,149.6333,45.0,60,66,15.05,broken clouds
489,Dengzhou,CN,37.8086,120.7508,76.5,78,1,6.2,light rain
490,Xichang,CN,27.8964,102.2634,65.77,76,0,2.13,clear sky
491,Shieli,KZ,44.1667,66.75,79.3,17,0,10.83,clear sky
492,Pangnirtung,CA,66.1451,-65.7125,53.02,75,100,2.17,overcast clouds
493,Balkanabat,TM,39.5108,54.3671,86.95,13,35,5.23,scattered clouds
494,Thinadhoo,MV,0.5333,72.9333,81.45,72,97,4.63,heavy intensity rain
495,Muli,MV,2.9167,73.5667,82.49,73,100,10.0,overcast clouds
496,Carlsbad,US,33.1581,-117.3506,103.8,64,1,7.0,clear sky
497,Kudahuvadhoo,MV,2.6708,72.8944,81.63,74,98,8.08,overcast clouds
498,Carauari,BR,-4.8828,-66.8958,75.29,59,39,3.22,scattered clouds
499,Benemerito De Las Americas,MX,16.5167,-90.6439,77.94,92,99,3.11,overcast clouds
500,Midyat,TR,37.4247,41.3393,72.32,33,40,6.69,scattered clouds
501,Svetlyy,RU,54.675,20.1347,62.65,87,100,6.76,overcast clouds
502,Graaff-Reinet,ZA,-32.2522,24.5308,47.91,29,38,6.17,scattered clouds
503,Prince Rupert,CA,54.3161,-130.3201,65.89,79,90,6.91,overcast clouds
504,Barahona,DO,18.2085,-71.1008,80.71,85,53,7.74,broken clouds
505,Chapais,CA,49.7834,-74.8492,56.98,73,98,4.05,overcast clouds
506,Kontagora,NG,10.3999,5.4695,70.14,98,100,3.42,light rain
507,Katangli,RU,51.7102,143.2326,56.55,82,100,5.53,overcast clouds
508,Kardamas,GR,37.7667,21.3333,83.41,78,0,0.0,clear sky
509,Puerto Escondido,MX,15.85,-97.0667,88.63,62,75,4.61,broken clouds
510,Oistins,BB,13.0667,-59.5333,80.69,83,40,11.5,scattered clouds
511,Kingisepp,RU,59.3733,28.6134,55.89,85,72,3.91,broken clouds
512,Beloha,MG,-25.1667,45.05,64.06,61,0,7.54,clear sky
513,San Cristobal,VE,7.7669,-72.225,66.88,98,84,6.02,broken clouds
514,Veszto,HU,46.9167,21.2667,69.98,79,65,9.06,broken clouds
515,Susuman,RU,62.7833,148.1667,49.08,46,33,12.82,scattered clouds
516,Lashio,MM,22.9333,97.75,69.76,100,100,1.21,overcast clouds
517,Rio Gallegos,AR,-51.6226,-69.2181,44.65,57,0,14.97,clear sky
518,Caravelas,BR,-17.7125,-39.2481,68.99,66,96,8.59,overcast clouds
519,Dovbysh,UA,50.3733,27.9874,66.6,81,80,7.7,broken clouds
520,Barsovo,RU,61.1667,73.1667,57.33,97,100,8.63,overcast clouds
521,Zarechnyy,RU,53.2036,45.1923,69.31,67,52,3.06,broken clouds
522,Guacimo,CR,10.2104,-83.6807,84.78,96,98,1.14,overcast clouds
523,Siderno,IT,38.2779,16.302,89.55,63,2,10.33,clear sky
524,Kibala,TD,9.1104,18.3463,76.95,88,20,9.22,few clouds
525,Seoul,KR,37.5683,126.9778,80.11,86,90,5.75,light rain
526,Kampot,KH,10.6167,104.1833,77.05,81,100,11.9,overcast clouds
527,Prainha,BR,-1.8,-53.48,75.07,85,98,4.05,overcast clouds
528,Aksha,RU,50.2814,113.2867,63.9,71,40,2.84,scattered clouds
529,Anajatuba,BR,-3.2644,-44.6197,76.17,60,79,2.21,broken clouds
530,Maumere,ID,-8.6199,122.2111,79.47,80,79,9.84,broken clouds
531,Tambura,SS,5.6,27.4667,67.5,100,100,0.94,moderate rain
532,Nizhniy Lomov,RU,53.5304,43.6766,68.29,67,72,7.49,broken clouds
533,Kloulklubed,PW,7.0419,134.2556,84.43,75,100,13.8,overcast clouds
534,Baykit,RU,61.67,96.37,61.9,90,100,1.1,overcast clouds
535,Mattru,SL,7.6244,-11.8332,73.17,95,100,3.11,light rain
536,Puerto Colombia,CO,10.9878,-74.9547,84.29,86,29,18.32,scattered clouds
537,Pinyug,RU,60.251,47.7842,58.44,99,100,3.69,moderate rain
538,Serramanna,IT,39.4244,8.9244,71.65,88,0,3.44,clear sky
539,Nishihara,JP,26.1842,127.7558,83.86,95,75,13.8,broken clouds
540,Astoria,US,46.1879,-123.8313,80.1,80,90,4.0,overcast clouds
541,Nelson,NZ,-41.2833,173.2833,57.69,97,77,1.01,broken clouds
542,Kendari,ID,-3.945,122.4989,77.22,88,61,2.55,broken clouds
543,Ranong,TH,9.9658,98.6348,82.33,87,100,14.72,overcast clouds
544,Inongo,CD,-1.95,18.2667,69.03,71,86,4.56,overcast clouds
545,Tiznit,MA,29.5833,-9.5,70.65,49,0,2.93,clear sky
546,Nurobod,UZ,40.9056,69.8023,74.25,26,99,3.85,overcast clouds
547,Aklavik,CA,68.2191,-135.0107,74.79,47,99,9.17,overcast clouds
548,Kavieng,PG,-2.5744,150.7967,83.41,74,4,8.84,clear sky
549,Parabel,RU,58.6978,81.4825,51.62,90,48,2.53,scattered clouds
550,Dongsheng,CN,39.8161,109.9776,64.47,48,21,12.44,few clouds
551,Cartagena Del Chaira,CO,1.3349,-74.8429,68.77,93,100,2.75,overcast clouds
552,Shimoda,JP,34.6667,138.95,85.1,71,20,5.46,few clouds
553,Muros,ES,42.7762,-9.0603,64.17,90,100,6.58,overcast clouds
554,Alta Gracia,AR,-31.6529,-64.4283,56.88,38,0,2.24,clear sky
555,Yuzhnyy,RU,53.2542,83.6936,68.38,42,0,8.95,clear sky
556,Ligayan,PH,4.6533,119.4706,84.61,70,93,10.27,overcast clouds
557,Shache,CN,38.4167,77.2406,69.62,55,100,8.97,overcast clouds
558,Calvinia,ZA,-31.4707,19.776,49.41,33,34,0.58,scattered clouds
559,Edgewater,US,28.9889,-80.9023,89.69,62,40,11.5,scattered clouds
560,Zaranj,AF,30.9667,61.8833,85.96,15,0,26.17,clear sky
561,Lata,PT,40.1629,-8.3327,67.05,99,92,0.89,overcast clouds
562,Morecambe,GB,54.0684,-2.8611,59.43,91,66,2.66,broken clouds
563,Zeya,RU,53.75,127.2667,56.73,95,100,2.33,overcast clouds
564,Ghanzi,BW,-21.5667,21.7833,50.74,48,0,6.08,clear sky
565,Teplyk,UA,48.6657,29.745,69.64,70,5,7.25,clear sky
566,Letlhakeng,BW,-24.0944,25.0298,50.16,30,0,5.46,clear sky
567,Omboue,GA,-1.5746,9.2618,75.43,79,99,7.78,overcast clouds
568,Srandakan,ID,-7.9386,110.2506,76.86,84,50,6.44,scattered clouds
569,Port Hardy,CA,50.6996,-127.4199,64.58,77,20,14.97,few clouds
570,Watertown,US,42.3709,-71.1828,72.57,65,75,1.01,broken clouds
571,Gaurnadi,BD,22.9667,90.2333,77.56,95,100,9.15,overcast clouds
572,Balotra,IN,25.8333,72.2333,81.19,79,100,20.89,overcast clouds
573,Pandan,PH,14.0453,124.1694,84.09,74,100,14.18,overcast clouds
574,Hilotongan,PH,11.144,123.6426,83.61,73,100,14.12,overcast clouds
575,Nicoya,CR,10.1483,-85.452,83.75,86,99,3.87,overcast clouds
576,Pong,TH,19.1493,100.2752,75.99,99,100,2.48,overcast clouds
577,Malakal,SS,9.5334,31.6605,70.74,96,94,2.82,light rain
578,Mwinilunga,ZM,-11.7358,24.4293,56.14,56,2,3.96,clear sky
579,Groningen,NL,53.25,6.75,59.02,91,19,5.75,few clouds
580,Gamboma,CG,-1.8764,15.8644,78.58,53,84,3.69,broken clouds
581,Moron,AR,-34.6534,-58.6198,51.03,85,0,1.01,clear sky
582,Ravar,IR,31.2656,56.8055,79.54,15,37,1.1,scattered clouds
583,Itacare,BR,-14.2775,-38.9967,67.89,89,85,13.4,overcast clouds
584,Berbera,SO,10.4396,45.0143,89.87,39,37,27.72,scattered clouds
585,Bereda,ES,43.2686,-7.5406,58.75,100,76,2.53,broken clouds
586,Andenes,NO,69.3143,16.1194,46.38,93,90,10.36,light intensity drizzle
587,Inta,RU,66.0317,60.1659,49.14,95,70,12.39,broken clouds
588,Shaoyang,CN,27.2315,111.4525,85.01,58,0,1.99,clear sky
589,Gornopravdinsk,RU,60.05,69.9,60.57,99,98,2.59,overcast clouds
590,Olinda,BR,-8.0089,-34.8553,74.93,83,40,9.22,scattered clouds
591,Saint-Pierre,RE,-21.3393,55.4781,67.64,67,35,5.75,scattered clouds
592,Mount Vernon,US,40.9126,-73.8371,73.89,74,75,3.0,broken clouds
593,Shenjiamen,CN,29.9576,122.298,79.75,91,100,7.14,overcast clouds
594,Svetlaya,RU,46.5389,138.3297,64.72,84,97,11.99,overcast clouds
595,Sakaiminato,JP,35.55,133.2333,85.98,70,75,10.36,broken clouds
596,Ginir,ET,7.1333,40.7,59.14,68,95,11.1,overcast clouds
597,Isiro,CD,2.7739,27.616,66.18,99,100,3.42,overcast clouds
598,Hailar,CN,49.2,119.7,63.73,68,0,8.99,clear sky
599,Poum,NC,-20.2333,164.0167,69.62,55,3,11.5,clear sky
600,Myitkyina,MM,25.3833,97.4,74.64,93,39,0.29,scattered clouds
601,Igrim,RU,63.1906,64.4162,55.98,95,96,3.91,overcast clouds
602,Soe,ID,-9.8607,124.284,71.78,68,90,4.0,overcast clouds
603,Berlevag,NO,70.8578,29.0864,45.73,93,100,18.54,light rain
604,Hami,CN,42.8,93.45,70.3,40,68,4.52,broken clouds
605,Hohhot,CN,40.8106,111.6522,66.49,59,0,6.71,clear sky
606,North Bend,US,43.4065,-124.2243,68.92,88,1,24.16,clear sky
607,Narrabri,AU,-30.3167,149.7833,62.53,70,0,1.01,clear sky
608,Kisangani,CD,0.5167,25.2,71.67,90,100,2.59,overcast clouds
609,Raga,SS,8.4596,25.678,67.5,97,95,4.32,overcast clouds
610,Ossora,RU,59.2353,163.0719,53.31,73,100,8.52,overcast clouds
611,Canutama,BR,-6.5339,-64.3831,79.32,43,49,1.9,scattered clouds
612,Celestun,MX,20.8667,-90.4,83.79,75,75,15.03,broken clouds
613,Quatre Cocos,MU,-20.2078,57.7625,68.11,67,49,12.41,scattered clouds
614,Mugla,TR,37.2303,28.3557,79.47,31,1,6.02,clear sky
615,Jardim,BR,-21.4803,-56.1381,62.67,59,100,1.66,overcast clouds
616,Tessalit,ML,20.1986,1.0114,85.57,41,6,10.42,clear sky
617,Sylvania,US,41.7189,-83.713,70.68,66,90,1.99,overcast clouds
618,Ola,RU,59.5833,151.2833,56.97,47,7,21.59,clear sky
619,Goderich,CA,43.7501,-81.7165,66.9,72,64,10.36,broken clouds
620,Dunedin,NZ,-45.8742,170.5036,50.81,75,97,21.99,overcast clouds
621,Genc,TR,38.7507,40.5603,70.11,56,13,7.27,few clouds
622,Tucurui,BR,-3.7661,-49.6725,79.21,58,87,1.99,overcast clouds
623,Gondanglegi,ID,-7.7479,112.0132,76.6,81,9,13.53,clear sky
624,Kavaratti,IN,10.5669,72.642,82.0,77,85,15.68,overcast clouds
625,Tura,IN,25.5198,90.2201,73.96,98,89,3.36,overcast clouds
626,Cotacachi,EC,0.3,-78.2667,63.95,87,32,7.09,scattered clouds
627,Harper,LR,4.375,-7.7169,76.37,76,90,6.33,overcast clouds
628,Bhainsdehi,IN,21.6467,77.6325,69.96,90,100,13.0,overcast clouds
629,Mbandaka,CD,0.0487,18.2603,70.21,84,96,0.92,overcast clouds
630,Timberlake,US,37.3207,-79.2575,81.97,70,1,3.44,clear sky
631,Ostrovnoy,RU,68.0531,39.5131,48.25,87,40,8.52,scattered clouds
632,Nyimba,ZM,-14.5566,30.8149,61.7,62,41,3.27,scattered clouds
633,Pundaguitan,PH,6.3711,126.1689,83.89,74,97,6.8,moderate rain
634,Yinchuan,CN,38.4681,106.2731,78.3,22,81,4.92,broken clouds
635,Jaen,ES,38.0,-3.5,65.93,24,41,2.46,scattered clouds
636,Apac,UG,1.9756,32.5386,65.41,63,99,5.28,overcast clouds
637,Sabha,LY,27.0377,14.4283,87.13,13,0,5.86,clear sky
638,Aden,YE,12.7794,45.0367,81.43,85,69,7.34,light rain
639,Mehamn,NO,71.0357,27.8492,45.01,91,100,17.76,overcast clouds
640,Kristiinankaupunki,FI,62.2743,21.376,58.1,83,87,2.95,overcast clouds
641,Carira,BR,-10.3608,-37.7011,61.74,92,23,5.44,few clouds
642,Djenne,ML,13.9061,-4.5533,82.65,64,61,11.21,broken clouds
643,Praia Da Vitoria,PT,38.7333,-27.0667,74.75,100,90,14.5,light intensity drizzle
644,Pimentel,PE,-6.8367,-79.9342,64.99,83,53,4.0,broken clouds
645,Yermish,RU,54.7678,42.2711,64.96,64,51,7.14,broken clouds
646,Missoula,US,47.0166,-113.8009,72.18,68,50,10.42,light rain
647,Kiama,AU,-34.6833,150.8667,59.25,68,8,3.11,clear sky
648,Lewisporte,CA,49.2499,-55.0482,65.91,68,41,7.27,scattered clouds
649,Cam Ranh,VN,11.9214,109.1591,84.16,70,0,11.5,clear sky
650,Ballina,AU,-28.8667,153.5667,68.18,87,76,10.87,broken clouds
651,Taywarah,AF,33.35,64.4167,52.84,30,0,7.23,clear sky
652,Banda Aceh,ID,5.5577,95.3222,80.13,72,100,16.08,overcast clouds
653,Agua Verde,MX,22.9,-106.05,89.13,69,55,8.52,broken clouds
654,Izberbash,RU,42.5696,47.8645,71.65,59,74,6.89,broken clouds
655,Araouane,ML,18.9048,-3.5265,94.35,35,5,9.55,clear sky
656,Khvoynaya,RU,58.9,34.5333,56.48,90,99,4.81,overcast clouds
657,Chimbarongo,CL,-34.7,-71.05,47.28,65,0,4.72,clear sky
658,Puri,IN,19.8,85.85,79.32,77,92,7.11,overcast clouds
659,Sangar,RU,63.9242,127.4739,73.02,44,58,5.73,broken clouds
660,Carlos Antonio Lopez,PY,-26.4,-54.7667,53.55,65,2,2.62,clear sky
661,Padang,ID,-0.9492,100.3543,75.25,90,98,5.3,overcast clouds
662,Florida,US,28.7505,-82.5001,86.05,10,81,12.08,light rain
663,Samdrup Jongkhar,BT,26.9167,91.6167,70.83,95,80,3.11,broken clouds
664,Labuhan,ID,-6.8844,112.2051,77.74,76,9,9.37,clear sky
665,Alice,US,27.7523,-98.0697,92.3,60,1,18.41,clear sky
666,Yaan,NG,7.3833,8.5667,72.16,95,100,1.88,overcast clouds
667,Bairiki,KI,1.3292,172.9752,87.8,66,20,6.91,few clouds
668,Olafsvik,IS,64.8945,-23.7142,53.2,91,91,2.77,overcast clouds
669,Takoradi,GH,4.8845,-1.7554,75.07,91,38,5.19,scattered clouds
670,Hammerfest,NO,70.6634,23.6821,45.05,87,75,4.61,light rain
671,Mongu,ZM,-15.2484,23.1274,58.59,51,2,7.87,clear sky
672,Severnyy-Kospashskiy,RU,59.0925,57.8008,51.6,99,67,2.93,broken clouds
673,Vikhorevka,RU,56.1201,101.1636,60.39,89,100,8.01,light rain
674,Impfondo,CG,1.6381,18.0667,71.51,87,99,2.37,light rain
675,Fort Nelson,CA,58.8053,-122.7002,92.79,31,1,3.44,smoke
676,Severobaykalsk,RU,55.65,109.3167,54.68,73,72,0.74,broken clouds
677,Ojinaga,MX,29.5667,-104.4167,84.58,54,75,4.61,thunderstorm
678,Qasigiannguit,GL,68.8193,-51.1922,61.05,61,1,6.33,clear sky
679,Ratnagiri,IN,16.9833,73.3,79.34,84,98,16.06,overcast clouds
680,Viedma,AR,-40.8135,-62.9967,52.0,48,2,16.37,clear sky
681,Nizwa,OM,22.9333,57.5333,86.94,49,100,3.04,overcast clouds
682,Japura,ID,-0.3167,102.35,74.61,96,88,2.21,overcast clouds
683,La Romana,DO,18.4273,-68.9728,82.76,78,40,4.61,scattered clouds
684,Bud,US,39.447,-86.1758,75.22,58,7,9.46,clear sky
685,Boo,SE,59.3333,18.2833,64.58,77,75,4.61,broken clouds
686,Sabang,ID,5.8933,95.3214,82.69,73,100,27.02,overcast clouds
687,Si Satchanalai,TH,17.5169,99.7598,80.38,86,100,4.12,overcast clouds
688,Ribeira Brava,PT,32.65,-17.0667,72.23,81,1,4.68,clear sky
689,Gold Coast,AU,-28.0,153.4333,75.18,72,90,5.01,overcast clouds
690,Antsohihy,MG,-14.8796,47.9875,66.99,70,0,5.39,clear sky
691,Magadan,RU,59.5667,150.8,55.69,50,3,16.4,clear sky
692,Kawalu,ID,-7.3817,108.2082,71.73,95,92,1.05,overcast clouds
693,Barranca,PE,-10.75,-77.7667,63.5,83,8,8.77,clear sky
694,Acaponeta,MX,22.4964,-105.3594,82.74,83,33,4.36,scattered clouds
695,Tonstad,NO,58.6626,6.7169,53.24,87,88,2.48,overcast clouds
696,Broken Hill,AU,-31.95,141.4333,54.82,65,0,19.98,clear sky
697,Kongolo,CD,-5.3833,27.0,74.39,40,33,2.44,scattered clouds
698,Yar-Sale,RU,66.8333,70.8333,54.73,98,100,14.85,light rain
699,Petatlan,MX,17.5167,-101.2667,89.4,84,38,4.25,scattered clouds
700,Leh,IN,34.1667,77.5833,60.49,56,45,6.69,scattered clouds
